Id,Comment,Vidoe,PlyyId,SrcId,rTime
song_9022d465-17f3-49a0-acaa-848fee59aca4,,,6AhVuKi3LCJxAxO8HjnQ7L,1t2qYCAjUAoGfeFeoBlK51,174933
song_b430ef28-c9f4-44da-b58a-7480610e1b1a,,,6AhVuKi3LCJxAxO8HjnQ7L,0yB4jrSwN0bFtFRDR5vyMj,200306
song_46d54b43-b809-42b2-8cb6-762e908674fe,,,6AhVuKi3LCJxAxO8HjnQ7L,7pm5uhK7xiEM9fQvuCE78l,196522
song_74dc39a6-8d9d-4e44-b11e-4bf2fd25bf4c,,,6AhVuKi3LCJxAxO8HjnQ7L,05G51ez5Z73NRE0l2QtZfH,214588
song_0b141281-20fb-4e43-8bd0-1925fa8adbd6,,,6AhVuKi3LCJxAxO8HjnQ7L,548FKDwnyPFkfWmtoK6ETA,219533
song_0fde1248-05b4-4482-853a-2a41c75b9655,,,6AhVuKi3LCJxAxO8HjnQ7L,6Yj8kVuVR3UPxx9r5eFEoV,179808
song_514b8942-35c4-4033-8491-537c822c497f,,,6AhVuKi3LCJxAxO8HjnQ7L,5eWcGfUCrVFMoYskyfkEPE,196466
song_aa51282f-bc32-4789-a679-2b751b3f45a8,,,6AhVuKi3LCJxAxO8HjnQ7L,1exnDFdC34GyBcaLt9ZJfX,221813
song_95ae59c5-8b9f-460d-b1a3-ce3e3bf541b8,,,6AhVuKi3LCJxAxO8HjnQ7L,42tFTth2jcF7iSo0RBjfJF,189049
song_94cd835c-4416-4234-b5bb-f90cf1ceb823,,,6AhVuKi3LCJxAxO8HjnQ7L,4ljXOIFNSjnGA2VuCYHQTS,202760
song_9d13faa4-3c24-4264-8952-350742b99115,,,6AhVuKi3LCJxAxO8HjnQ7L,7nKQ5WAcjnG48knyLuo8gO,191139
