Id,Comment,Vidoe,PlyyId,SrcId
song_f9e4c17a-48c2-4b7b-abec-52d5e6023233,,,37i9dQZF1DX5g856aiKiDS,5R8MbzkUpTigzAXHsnoYpq
song_470b9de7-0000-433a-9156-312e75bb65b9,,,37i9dQZF1DX5g856aiKiDS,1AtFSBJibfaqfiOByQCwZ5
song_58346ddf-74c3-4a6c-92fb-4e5a15ce4541,,,37i9dQZF1DX5g856aiKiDS,7pgbDdy7ax962o9d2xJceV
song_1be1044e-350e-4637-8c37-c24eb0f72d8c,,,37i9dQZF1DX5g856aiKiDS,2yjDmSX8ukT00SXmRs04T6
song_8ddde5b0-cb16-4af9-a3ff-2b3f75eec992,,,37i9dQZF1DX5g856aiKiDS,1hncbzqfhChm8PS0UeoVY6
song_720cf313-fd16-4054-94ce-fd5d0c3e5bd8,,,37i9dQZF1DX5g856aiKiDS,3y7ByLZ05tluscOTRgEJ9Y
song_d5f83563-e35a-4355-ba1e-d723f4e87bc3,,,37i9dQZF1DX5g856aiKiDS,2wlBxUpVGnp1M7ZDLXaeB5
song_3a52f185-edfe-4e3a-b23f-702eb6d6c5a5,,,37i9dQZF1DX5g856aiKiDS,6nzCvAtyADh0wwZEVMoujK
song_569843f6-10d6-4bc4-845d-331c1564ea8d,,,37i9dQZF1DX5g856aiKiDS,36PxJOUB8qFTcDFp2M0h6K
song_747e89e8-3b23-40f8-b602-a58987419821,,,37i9dQZF1DX5g856aiKiDS,0HsRZwZzHoZ5AM5W2ZYI5c
song_a9ebf0e4-268f-4703-9149-f88bf49a53a9,,,37i9dQZF1DX5g856aiKiDS,6eQtDU7frMlvQp3jSUqInu
song_3bd0ce64-02fd-4007-94dd-044ed4f213f3,,,37i9dQZF1DX5g856aiKiDS,1pz24zu5H9A0S1a2NKT4F0
song_184e1358-4616-42e4-9bac-91318418cf7b,,,37i9dQZF1DX5g856aiKiDS,5KgukBQlqxJrmFnrEVa5IZ
song_5ee4e0d7-3cfd-45a9-99c5-459f64420461,,,37i9dQZF1DX5g856aiKiDS,5u6CQi2rgD1EyiztQnrrwY
song_085c1038-04bc-4dd2-b8c0-a2e714a56ee9,,,37i9dQZF1DX5g856aiKiDS,1E8Cztx0OIj4zm1IZh2XXj
song_78fe2ba1-a50d-475c-9570-38a7b28864b4,,,37i9dQZF1DX5g856aiKiDS,3eHkFA3StDR9BU7EVrUFLs
song_3bce9b7e-3b4b-46cc-8871-35370cb145b7,,,37i9dQZF1DX5g856aiKiDS,75bgkdHdg7ppBcHdLJkSBM
song_efe4daa9-1cd9-4c32-bac0-4e1c340dbaa9,,,37i9dQZF1DX5g856aiKiDS,1SPDWTBH7qcjbZ8zMRXlQ9
song_317210de-8f42-46b3-ae2f-3db39bb823a6,,,37i9dQZF1DX5g856aiKiDS,6472TSRvXlqcmg3iSh4GEi
song_d9e60500-ec10-4e53-9439-ddce4562a546,,,37i9dQZF1DX5g856aiKiDS,4T2cOfemKB0owJS2JOu7dF
song_cb05ecd4-9951-4fba-9777-844c08f7b76d,,,37i9dQZF1DX5g856aiKiDS,2j0MsDAMJ2ahsxP3z86ChI
song_ec0fda23-efd3-47fb-b08c-19f3a7406743,,,37i9dQZF1DX5g856aiKiDS,3woXnjYYyZ66vPg3lutPDj
song_5ea3c9db-c184-455b-a9c5-27aed4dbddf9,,,37i9dQZF1DX5g856aiKiDS,6pm3SR1vvrV54AOJWsN7y7
song_6e142f4c-e666-4b34-bb65-8315821b8687,,,37i9dQZF1DX5g856aiKiDS,0PkpRtJqrwuXhbdtJuQm7E
song_981e7460-12ec-491c-ab09-f9c1cc19ba91,,,37i9dQZF1DX5g856aiKiDS,2MQmvEq9tH7crlSCuIvwKI
song_5b4ca6d8-749b-496a-a240-86eaa751884c,,,37i9dQZF1DX5g856aiKiDS,77GfQKz4WzULTEoLL286cT
song_35e6e9c0-9a41-451b-9dba-5cba508d9696,,,37i9dQZF1DX5g856aiKiDS,6rcwrRWKyjaFyUL8b8GlIJ
song_6c0a6bce-3ee0-4942-aaf9-ad8d85d6ade1,,,37i9dQZF1DX5g856aiKiDS,5IWlLl3xT95o8TSv3O8tRH
song_79034ae6-fe5b-4208-8683-a618c3c9f74b,,,37i9dQZF1DX5g856aiKiDS,340yvMO5adu3bo1x5Zrw14
song_5f9c7a30-67c0-4a61-b3e8-c01666a824dc,,,37i9dQZF1DX5g856aiKiDS,79cmYpry5DEPtK4KbmAUqj
song_e423e5f5-b497-44f1-8a46-9b5c44a975a8,,,37i9dQZF1DX5g856aiKiDS,4WiZMFJos3BUHSieP9cHTM
song_df72c434-237c-4c8a-b2b8-76e6c4c7b7a8,,,37i9dQZF1DX5g856aiKiDS,7sCOwMK98Bc3f6hFS0jgkM
song_eb88cbb9-a02e-46b9-8b71-f84dc5b4da6e,,,37i9dQZF1DX5g856aiKiDS,1B82Lto0ciRfVwtTG3scSl
song_612afc5d-ca0e-4cdb-83fe-83bafb11413c,,,37i9dQZF1DX5g856aiKiDS,1s3AJx7XASsPSA2cKJdXG6
song_0254b121-8698-49c7-bfe8-50a82582b011,,,37i9dQZF1DX5g856aiKiDS,2M7a2Us8CEU1HZHj70byGX
song_aada5dd6-08e1-48bb-b76c-532b804e59c3,,,37i9dQZF1DX5g856aiKiDS,66aRjw9DruRf9J40t1Wm9i
song_4bcee555-f0f9-4516-9dc9-2508ffaacfe9,,,37i9dQZF1DX5g856aiKiDS,26rFtNk7TNkJuLGq021Pvc
song_a362c0dc-3256-4c93-bf86-3cca173a97ba,,,37i9dQZF1DX5g856aiKiDS,11ysgxz5ER0yvnZ8Uogbe8
song_81507e21-c5fc-4f77-8012-4fe7431c466e,,,37i9dQZF1DX5g856aiKiDS,6YOXdy9jShw66iOnBzQMKv
song_707312a7-9ac2-4689-b46c-41c034debe67,,,37i9dQZF1DX5g856aiKiDS,7hg44Uac2HOBJCLWsHXMQp
song_1815b80a-6444-49ae-a65f-b72509ea1245,,,37i9dQZF1DX5g856aiKiDS,1dA1tlzwcJ3YDYsSul1m06
song_4486ca60-5d26-4675-8bbf-dc33eb0aac52,,,37i9dQZF1DX5g856aiKiDS,7DvK5WiY7UjwOnDg69XMEn
song_1d282353-6da6-49fc-aa37-3e9c8c58c0f8,,,37i9dQZF1DX5g856aiKiDS,15D4iY3vp1lO871Ed37joF
song_f79c5221-3cee-4393-8e12-5a55f4045da3,,,37i9dQZF1DX5g856aiKiDS,5BVjsCcDlYgJG2bB2jsOeI
song_2841385e-6df7-4be7-a7c9-cdd03a4a544c,,,37i9dQZF1DX5g856aiKiDS,3hbi6hayJ6OibzGe3fWLwf
song_131cd437-51bd-491c-9630-58c7398a183a,,,37i9dQZF1DX5g856aiKiDS,6ktEI3U7Wnip2P5pEHchzq
song_b58dde7c-f2e5-4bcb-8535-840e23ba3bd8,,,37i9dQZF1DX5g856aiKiDS,5DRT1mVlE29XSnAS0bbZHq
song_162aaef1-db61-48dc-ab53-d7d584de17d5,,,37i9dQZF1DX5g856aiKiDS,0S2GNnqAHC96zqB8ZIcxg4
song_6c135d3b-5fde-49d4-a725-aaf44373a425,,,37i9dQZF1DX5g856aiKiDS,0l9LpCsYufB1e5PJSvOXbU
song_c5584c23-c2e4-4d0e-b7c3-1f0d492e0bfb,,,37i9dQZF1DX5g856aiKiDS,3e0VhBdgJLUhI1ErcrY64B
