src_1eEX2HigE7rmIT7bwVBqtj,Don't Trip,Zacari,Run Wild Run Free,src: https://i.scdn.co/image/ab67616d0000b273c56e6cfbd580fa696c6ad1f6,171280
src_0gPQTLaqHDgdupKEok7J2x,7 Days,Craig David,Born to Do It,src: https://i.scdn.co/image/ab67616d0000b2737c2e92fb2302f8e8fcd9b389,235133
src_0a4x22Cu8ix2C0ylPLl7A7,NWA (feat. Lil Durk),"Lucky Daye, Lil Durk",NWA (feat. Lil Durk),src: https://i.scdn.co/image/ab67616d0000b27349d06c5128177094fc12aa13,231570
src_0NYEdeOOdXN6Nw2AeKecSJ,Back of My Mind (feat. Ty Dolla $ign),"H.E.R., Ty Dolla $ign",Back of My Mind,src: https://i.scdn.co/image/ab67616d0000b273f214cabc279e33a7f0140391,221133
src_360NCp4XoQ0sFi5jgu5Ww7,Insecure,"Jazmine Sullivan, Bryson Tiller",Insecure,src: https://i.scdn.co/image/ab67616d0000b273d5ca61988f91d7f12ca71bc0,218072
src_2VSnwBXZLxPJoAHyDRyxrW,Night Calls,Yo Trane,Night Calls,src: https://i.scdn.co/image/ab67616d0000b273594b1120a76485dde7ba24b8,215316
src_0sHyVWNc3nfxAYOTOwOlPx,Balance,Wizkid,"More Love, Less Ego",src: https://i.scdn.co/image/ab67616d0000b273e944c571fca9ea470ebb5821,181840
src_01JPQ87UHeGysPVwTqMJHK,She Don't (feat. Ty Dolla $Ign),"Ella Mai, Ty Dolla $ign",Time,src: https://i.scdn.co/image/ab67616d0000b27340aba43042f328ad560b4be4,264097
src_6IaieqiCVvsNvEt6Y7yOFa,Ball For Me (feat. Nicki Minaj),"Post Malone, Nicki Minaj",beerbongs & bentleys,src: https://i.scdn.co/image/ab67616d0000b273b1c4b76e23414c9f20242268,206266
src_20jLHaXVhMFjwHs1JPjL4S,more than i should (feat. jessie reyez),"Kehlani, Jessie Reyez",blue water road,src: https://i.scdn.co/image/ab67616d0000b273ec32beffe58d9335b1975cb1,200639
src_4s1HdR4GZb9OQtfTq1avcq,Creep On Me (feat. French Montana & DJ Snake),"GASHI, French Montana, DJ Snake",GASHI,src: https://i.scdn.co/image/ab67616d0000b2732b995bd89d3405e84c408bda,194777
src_4VY32hdU4byJ6cpEBAXRul,Outside,Bryson Tiller,Outside,src: https://i.scdn.co/image/ab67616d0000b273b0141981cfa199a11281dfd4,188579
src_1DJsyU4yU3cnONCun42snt,You Ain't Worth It,"Melii, 6LACK",You Ain't Worth It,src: https://i.scdn.co/image/ab67616d0000b2737134d4f6ce30f1e8c7c86a93,183077
src_4HDCLYli2SUdkq9OjmvhSD,BELIEVE IT,"PARTYNEXTDOOR, Rihanna",PARTYMOBILE,src: https://i.scdn.co/image/ab67616d0000b273d8082097058d4c44739b17dd,183219
src_2IlT65thKQQw248mhk2PjQ,JACKIE BROWN,Brent Faiyaz,WASTELAND,src: https://i.scdn.co/image/ab67616d0000b27369f63a842ea91ca7c522593a,169013
src_439zbDDCpOPntEFlZFHKbY,Right Track (feat. Smino),"Syd, Smino",Right Track (feat. Smino),src: https://i.scdn.co/image/ab67616d0000b27309dd94557c994dc8471d6eb6,158271
src_4E3XDKil4ElJt6sXuz5cc6,BURN,"Kanye West, Ty Dolla $ign",VULTURES 1,src: https://i.scdn.co/image/ab67616d0000b2735f4d67e6c3d62045e72d3775,111458
src_4qiBiP5cXKG6JZD1sW28u5,Do It Right,Don Toliver,Love Sick,src: https://i.scdn.co/image/ab67616d0000b273feeff698e6090e6b02f21ec0,174474
src_0dDI9Y0qEQspYedfdi1vau,Tyrone 2021 (feat. Big Sean),"Ty Dolla $ign, Big Sean",Featuring Ty Dolla $ign,src: https://i.scdn.co/image/ab67616d0000b2739b6cff14d6cdf4b6a2be3a4f,158026
src_1qMnyfVxKKlAxYrFPYTuph,Mixy (feat. Summer Walker),"Quavo, Takeoff, Summer Walker",Only Built For Infinity Links,src: https://i.scdn.co/image/ab67616d0000b273ffe5b62233340cb6d453fc2f,270198
src_4nFrcGM7MY1mpoQCC7Kefj,Me & U,Tems,Me & U,src: https://i.scdn.co/image/ab67616d0000b2734dfcb8700811f123ed8eca16,192935
src_5YbPxJwPfrj7uswNwoF1pJ,Last Last,Burna Boy,"Love, Damini",src: https://i.scdn.co/image/ab67616d0000b27312ebde47882280b814275600,172342
src_2LLFl56eIFGFlnrplUC26f,"Flex (Ooh, Ooh, Ooh)",Rich Homie Quan,Summer Sampler,src: https://i.scdn.co/image/ab67616d0000b27369c3b977ea8d7f6861a35fda,176674
src_6FXsrAH7Zol1jusSeJIoYA,"Body Language (feat. Ty Dolla $ign, and Jhené Aiko)","Big Sean, Ty Dolla $ign, Jhené Aiko",Detroit 2,src: https://i.scdn.co/image/ab67616d0000b273b1b3fdd23be4c158d4d2c32f,224770
src_154Jycdld9dX9rBLE6L3v4,寄り酔い,和ぬか,寄り酔い,src: https://i.scdn.co/image/ab67616d0000b27379132dd90667a7ecb3a31250,216959
src_7163xpL9SvNzMY6tk7nL8L,くらべられっ子,TUYU,やっぱり雨は降るんだね,src: https://i.scdn.co/image/ab67616d0000b2734b5faf2955056fc97ee144ce,214155
src_6y4GYuZszeXNOXuBFsJlos,Kaikai Kitan,Eve,Kaikai Kitan / Ao No Waltz,src: https://i.scdn.co/image/ab67616d0000b2734b54d2a72484832db80a0fe9,221426
src_6bfjEGSR7DyC8MK8cp3ZCp,シュガーソングとビターステップ,UNISON SQUARE GARDEN,Dr.Izzy,src: https://i.scdn.co/image/ab67616d0000b273c9904e89e7dd06e56dc903d2,253226
src_0jPZf5231RdBUMLFG1HqXi,東京フラッシュ,Vaundy,strobo,src: https://i.scdn.co/image/ab67616d0000b273fbc6a3d03bf7f991fc0c991b,258858
src_3gmn76fCtpDazGMnN0QMHX,NIGHT DANCER,imase,POP CUBE,src: https://i.scdn.co/image/ab67616d0000b2734b062591b6a5c15652dd2bb5,210600
src_1AtFSBJibfaqfiOByQCwZ5,Small girl (feat. 도경수(D.O.)),"이영지, 도경수",16 Fantasy,src: https://i.scdn.co/image/ab67616d0000b273aa8e7da62fbfae5cb65f8e55,189706
src_351KkakA2YtGEXqSEIIasy,Supernova,aespa,Supernova,src: https://i.scdn.co/image/ab67616d0000b273d2ab7b4a8d0adf91b2167543,178880
src_3pDGJRDN3p6kCNZcD97FYY,Cosmic,Red Velvet,Cosmic,src: https://i.scdn.co/image/ab67616d0000b273a54b93bff4827437f56b7896,225864
src_7yRW1NpgQzFDQbkHat2lxQ,ABCD,나연,NA,src: https://i.scdn.co/image/ab67616d0000b273159a01a07fe294d4a44a59dd,162840
src_5eWcGfUCrVFMoYskyfkEPE,Armageddon,aespa,Armageddon - The 1st Album,src: https://i.scdn.co/image/ab67616d0000b2730fc598038040859794c600e2,196466
src_2nRMW95dnOILirpjbksLTs,Never Let Go,정국,Never Let Go,src: https://i.scdn.co/image/ab67616d0000b273083f5a45d93b57cb65a97b83,166812
src_5juCu4WFTFRZ2XilopAMTy,밤양갱,비비,밤양갱,src: https://i.scdn.co/image/ab67616d0000b273c5543b3cce74f3edafcc8f59,146197
src_5XWlyfo0kZ8LF7VSyfS4Ew,Drama,aespa,Drama - The 4th Mini Album,src: https://i.scdn.co/image/ab67616d0000b273c54e39f2ae0dd10731f93c08,214973
src_0UTtK6hregIBOsefavRI26,홀씨,아이유,The Winning,src: https://i.scdn.co/image/ab67616d0000b2735048ed32fafe7b9a50d0e410,190786
src_2gyCwrOcC6JBoaJ8JGJ7T8,To. X,태연,To. X - The 5th Mini Album,src: https://i.scdn.co/image/ab67616d0000b273ed4dcfaf5f63938ecd6c4d59,170386
src_0VPFT123HKoQ2J6ipeDcI1,Standing Next to You (USHER Remix),"정국, USHER",Standing Next to You (USHER Remix),src: https://i.scdn.co/image/ab67616d0000b273c9912de0a8a9a44b450318e4,214760
src_5Avril3IZ26DPVFHbJX8o6,Seven (feat. Latto),"정국, Latto",Seven (feat. Latto),src: https://i.scdn.co/image/ab67616d0000b273bf5cce5a0e1ed03a626bdd74,184160
src_5pCaf7SR1fPW95Ua1CrJYu,Yours Faithfully,Rebbie Jackson,Yours Faithfully,src: https://i.scdn.co/image/ab67616d0000b2730bd9877d1b6457a6fb70f7d4,272506
src_6344mzqvYpXiLxl723UVyE,"YOU (Feat. 크라운제이, 베이빌론)(Prod by D.O)","이현도, 베이빌론, CROWN J",D.O.P.E.,src: https://i.scdn.co/image/ab67616d0000b273c77398a2692afad127f5108f,212083
src_0DW7eEkraNLUv94eAaxn4v,This One's for You,Joe Public,Joe Public,src: https://i.scdn.co/image/ab67616d0000b273233b6404ed87261ad2d8cc36,278600
src_76P9PzvAk51CqtOeCIEGBQ,U Will Know - US Radio Mix,B.M.U. (Black Men United),U Will Know,src: https://i.scdn.co/image/ab67616d0000b273131f93cd630d0651f0975321,244026
src_1IkdRtsgZCtWIekX8NrLdN,Hot 뜨거,1TYM,Once N 4 All,src: https://i.scdn.co/image/ab67616d0000b27312031d07e7ad259efa2cf74f,218333
src_6R6FlagrCC7HuFZnapXO5o,Slide,El DeBarge,"Heart, Mind & Soul",src: https://i.scdn.co/image/ab67616d0000b2739050760ed68116eaaebcd699,344733
src_2EQaWLbkUcZ92sLKQsSeDv,Simple Pleasures,Karyn White,Make Him Do Right,src: https://i.scdn.co/image/ab67616d0000b273db58077a8675dded730530f1,276893
src_6ipZiTWO0fuhs8lul00e4w,Hangin',Jade,"Mind, Body & Soul",src: https://i.scdn.co/image/ab67616d0000b27351f655b4c82421f3ca7e6159,239000
src_6vhjkSvhOxU5ZyUshIAPCY,I Don't Mind,Big Bub,Comin' At Cha,src: https://i.scdn.co/image/ab67616d0000b273b8077a102f6a3e8cd245a3d6,255600
src_1GztRvzpFWGhe00N3jv91q,Not to Be,Unv,The Lost Remixes,src: https://i.scdn.co/image/ab67616d0000b2736c0eaac2136719f24fd26904,318902
src_1w09YJ2UvJvCR4q0W44snv,Do You Believe in Me,Eric Gadd,Do You Believe In Me,src: https://i.scdn.co/image/ab67616d0000b2737b1361614dcdff8c48b606b9,258266
src_7ujVDENgCDD77JxBuw4Mhu,"Judy Had A Boyfriend - Mucho 12"" no rap",Riff,To Whom It May Concern,src: https://i.scdn.co/image/ab67616d0000b2733c50c3468f71d042aa481b6b,229400
src_5hyHsOQUnWQMBPWX8KZuID,Lies,"En Vogue, Debbie T.",Born to Sing,src: https://i.scdn.co/image/ab67616d0000b2730e43e9832aedfcd1899471b7,256333
src_3SYqmao3YLyGYzmvBJ7Bhe,Have You Got What It Takes,Starpoint,Have You Got What It Takes,src: https://i.scdn.co/image/ab67616d0000b273eb28a11a028b55b53f093943,274666
src_5EGIJVtcmlFdw21fTwGf3u,La La La,"Harold Travis, B. Brown Posse",B. Brown Posse,src: https://i.scdn.co/image/ab67616d0000b2730ae494cf8b0a48d41a6ca647,234133
src_5ocSQW5sIUIOFojwXEz9Ki,Supernatural,NewJeans,Supernatural,src: https://i.scdn.co/image/ab67616d0000b2737e1eeb0d7cc374a168369c80,191000
src_53svtkdl7Hl0RZgAuTgON8,If You Let It,Alexander O'Neal,Love Makes No Sense,src: https://i.scdn.co/image/ab67616d0000b273e630d291553206ca08add84e,314200
src_6SaeXxdt0Id6ZzmX0ZGTQK,"Fastlove, Pt. 1",George Michael,Older,src: https://i.scdn.co/image/ab67616d0000b273721aa94703c1a94c735aacd0,324666
src_2Sv7RMNFfNofAOmA32mLA4,Waiting For The Day,Shai,If I Ever Fall In Love,src: https://i.scdn.co/image/ab67616d0000b273b7bc7394a6a5995a887330ef,285173
src_7G0bBRiFDs1sDsiRqzZbmT,Nasty Girl,Nuttin' Nyce,Down 4 Whateva,src: https://i.scdn.co/image/ab67616d0000b2735ee4f56f2096aeb00c8683ce,340906
src_4xw1SakICm1K8xgeLdElyB,Take A Step Back,DeDe Lopez,TBA (Totally Bombastic Anecdotes),src: https://i.scdn.co/image/ab67616d0000b273d80dd4ea660d87be61773595,246733
src_070bDNenZlWcjzZGAc2npp,Sax-A-Go-Go,Candy Dulfer,Sax-A-Go-Go,src: https://i.scdn.co/image/ab67616d0000b273bd3020ee94e5c47101847893,294760
src_6TSM5vkz0WzyZsNAKKYDcw,Someday,Mariah Carey,Mariah Carey,src: https://i.scdn.co/image/ab67616d0000b2735084c69ed3f70e8fb139e1ea,246106
src_0h9SUGpAofhus8HUgNXVwW,I Bet My Life,Imagine Dragons,Smoke + Mirrors (Deluxe),src: https://i.scdn.co/image/ab67616d0000b27359ac0a9acb7bf0d315301152,192706
src_4jnFqNWeJCeCRHc4HCdxfd,Remember the Time,Michael Jackson,Dangerous,src: https://i.scdn.co/image/ab67616d0000b2733b9f8b18cc685e1502128aa8,239226
src_3HGE6Is63CrKHS9DZ26RIO,Rub You The Right Way,Johnny Gill,Johnny Gill,src: https://i.scdn.co/image/ab67616d0000b273e44407586df5456493482202,333800
src_3Xtn6ND8fGALF41WWztGF1,You Make The Difference,Tracie Spencer,Make The Difference,src: https://i.scdn.co/image/ab67616d0000b273f14b49620afd34100dd682b8,306693
